Row ID,Order ID,Order Date,Ship Date,Ship Mode,Customer ID,Customer Name,Segment,Country,City,State,Postal Code,Region,Product ID,Category,Sub-Category,Product Name,Cost,Original Price,Sales_Type,Discount%,Selling Price,Sales Quantity,Profit Per Unit,Total Profit,Description,Brand,Sales Type,Product Brand,Packet Size,Stock Qty,Expiry Date,
1,10001,2024-04-02,2024-04-05,Standard,C1001,Jane Smith,Retail,USA,LA,CA,90001,West,P1001,Clothing,T-Shirt,Basic Tee,10,30,Fresh Sales,10%,27,25,17,425,Cotton,Nike,In-store,Nike,1,100,2024-12-31,SM
2,10002,2024-04-02,2024-04-05,Standard,C1002,Jane Smith,Retail,USA,LA,CA,90001,West,P1002,Clothing,T-Shirt,Basic Tee,10,30,Discounted Sales,15%,25.5,50,15.5,775,Clothing,T-Shirt,In-store,Nike,1,25,2024-12-31,SM
3,10003,2024-04-05,2024-04-09,Standard,C1003,Sophia Lee,Retail,Australia,Sydney,NSW,2000,Pacific,P1003,Beauty,Skincare,Moisturizer,10,20,Fresh Sales,12%,17.6,20,7.6,152,Hydrating,Neutrogena,In-store,Neutrogena,1,80,2024-10-31,SM
4,10004,2024-04-05,2024-04-09,Standard,C1004,Sophia Lee,Retail,Australia,Sydney,NSW,2000,Pacific,P1004,Beauty,Skincare,Moisturizer,10,20,Discounted Sales,17%,16.6,40,6.6,264,Hydrating,Neutrogena,In-store,Neutrogena,1,20,2024-10-31,SM
5,10005,2024-04-06,2024-04-11,Express,C1005,David Kim,Corporate,South Korea,Seoul,NULL,4548,Asia,P1005,Home,Kitchenware,Blender,50,100,Fresh Sales,7%,93,10,43,430,Powerful,Philips,In-store,Philips,1,40,2024-12-31,SM
6,10006,2024-04-06,2024-04-11,Express,C1006,David Kim,Corporate,South Korea,Seoul,NULL,4548,Asia,P1006,Home,Kitchenware,Blender,50,100,Discounted Sales,12%,88,20,38,760,Powerful,Philips,In-store,Philips,1,10,2024-12-31,SM
7,10007,2024-04-07,2024-04-12,Standard,C1007,Maria Garcia,Retail,Spain,Madrid,NULL,28001,Europe,P1007,Clothing,Jeans,Slim Fit,30,60,Fresh Sales,9%,54.6,17.5,24.6,430.5,Stretchy,Levi's,In-store,Levi's,1,70,2024-12-31,SM
8,10008,2024-04-07,2024-04-12,Standard,C1008,Maria Garcia,Retail,Spain,Madrid,NULL,28001,Europe,P1008,Clothing,Jeans,Slim Fit,30,60,Discounted Sales,14%,51.6,35,21.6,756,Stretchy,Levi's,In-store,Levi's,1,17.5,2024-12-31,SM
9,10009,2024-04-08,2024-04-14,Express,C1009,Daniel Wang,Corporate,China,Beijing,NULL,100000,Asia,P1009,Electronics,Headphones,Wireless,100,200,Fresh Sales,10%,180,22.5,80,1800,Noise-cancel,Sony,In-store,Sony,1,90,2025-04-01,SM
10,10010,2024-04-08,2024-04-14,Express,C1010,Daniel Wang,Corporate,China,Beijing,NULL,100000,Asia,P1010,Electronics,Headphones,Wireless,100,200,Discounted Sales,15%,170,45,70,3150,Noise-cancel,Sony,In-store,Sony,1,22.5,2025-04-01,SM
11,10011,2024-04-09,2024-04-16,Standard,C1011,Sarah Miller,Retail,Germany,Berlin,NULL,10115,Europe,P1011,Beauty,Makeup,Lipstick,8,15,Fresh Sales,15%,12.75,30,4.75,142.5,Matte,Maybelline,In-store,Maybelline,1,120,2024-12-31,SM
12,10012,2024-04-09,2024-04-16,Standard,C1012,Sarah Miller,Retail,Germany,Berlin,NULL,10115,Europe,P1012,Beauty,Makeup,Lipstick,8,15,Discounted Sales,20%,12,60,4,240,Matte,Maybelline,In-store,Maybelline,1,30,2024-12-31,SM
13,10013,2024-04-12,2024-04-20,Express,C1013,Olivia Clark,Retail,Italy,Rome,NULL,184,Europe,P1013,Home,Decor,Wall Art,30,70,Fresh Sales,10%,63,20,33,660,Abstract,IKEA,In-store,IKEA,1,80,2024-12-31,SM
14,10014,2024-04-12,2024-04-20,Express,C1014,Olivia Clark,Retail,Italy,Rome,NULL,184,Europe,P1014,Home,Decor,Wall Art,30,70,Discounted Sales,15%,59.5,40,29.5,1180,Abstract,IKEA,In-store,IKEA,1,20,2024-12-31,SM
15,10015,2024-04-13,2024-04-21,Standard,C1015,Ethan Perez,Retail,Mexico,Mexico City,NULL,1000,Americas,P1015,Clothing,Dress,Evening Gown,200,400,Fresh Sales,5%,380,7.5,180,1350,Satin,Calvin Klein,In-store,Calvin Klein,1,30,2024-12-31,SM
16,10016,2024-04-13,2024-04-21,Standard,C1016,Ethan Perez,Retail,Mexico,Mexico City,NULL,1000,Americas,P1016,Clothing,Dress,Evening Gown,200,400,Discounted Sales,10%,360,15,160,2400,Satin,Calvin Klein,In-store,Calvin Klein,1,7.5,2024-12-31,SM
17,10017,2024-04-15,2024-04-24,Standard,C1017,Benjamin Kim,Corporate,Japan,Tokyo,NULL,100-0001,Asia,P1017,Beauty,Skincare,Sunscreen,15,30,Fresh Sales,10%,27,10,12,120,SPF50,Biore,In-store,Biore,1,40,2024-10-31,SM
18,10018,2024-04-15,2024-04-24,Standard,C1018,Benjamin Kim,Corporate,Japan,Tokyo,NULL,100-0001,Asia,P1018,Beauty,Skincare,Sunscreen,15,30,Discounted Sales,15%,25.5,20,10.5,210,SPF50,Biore,In-store,Biore,1,10,2024-10-31,SM
19,10019,2024-04-17,2024-04-28,Standard,C1019,Lucas Taylor,Retail,Canada,Vancouver,BC,V6B 3M7,North,P1019,Electronics,Speaker,Bluetooth,80,150,Fresh Sales,8%,138,15,58,870,Waterproof,JBL,In-store,JBL,1,60,2024-12-31,SM
20,10020,2024-04-17,2024-04-28,Standard,C1020,Lucas Taylor,Retail,Canada,Vancouver,BC,V6B 3M7,North,P1020,Electronics,Speaker,Bluetooth,80,150,Discounted Sales,13%,130.5,30,50.5,1515,Waterproof,JBL,In-store,JBL,1,15,2024-12-31,SM
21,10021,2024-04-18,2024-04-30,Express,C1021,Zoe Anderson,Retail,UK,Manchester,NULL,M1 1AG,Europe,P1021,Clothing,Shirt,Oxford,50,100,Fresh Sales,10%,90,17.5,40,700,Formal,Tommy Hilfiger,In-store,Tommy Hilfiger,1,70,2024-12-31,SM
22,10022,2024-04-18,2024-04-30,Express,C1022,Zoe Anderson,Retail,UK,Manchester,NULL,M1 1AG,Europe,P1022,Clothing,Shirt,Oxford,50,100,Discounted Sales,15%,85,35,35,1225,Formal,Tommy Hilfiger,In-store,Tommy Hilfiger,1,17.5,2024-12-31,SM
23,10023,2024-04-19,2024-05-02,Standard,C1023,Ava Wilson,Retail,Australia,Melbourne,VIC,3000,Pacific,P1023,Beauty,Makeup,Mascara,10,15,Fresh Sales,15%,12.75,25,2.75,68.75,Volumizing,L'Oreal,In-store,L'Oreal,1,100,2024-12-31,SM
24,10024,2024-04-19,2024-05-02,Standard,C1024,Ava Wilson,Retail,Australia,Melbourne,VIC,3000,Pacific,P1024,Beauty,Makeup,Mascara,10,15,Discounted Sales,20%,12,50,2,100,Volumizing,L'Oreal,In-store,L'Oreal,1,25,2024-12-31,SM
25,10025,01-05-2024,06-05-2024,Express,C1025,Noah Wilson,Corporate,USA,Seattle,WA,98101,West,P1025,Home,Decor,Vase,30,60,Fresh Sales,5%,57,15,27,405,Ceramic,Crate & Barrel,In-store,Crate & Barrel,1,60,31-12-2024,SM
26,10026,01-05-2024,06-05-2024,Express,C1026,Noah Wilson,Corporate,USA,Seattle,WA,98101,West,P1026,Home,Decor,Vase,30,60,Discounted Sales,10%,54,30,24,720,Ceramic,Crate & Barrel,In-store,Crate & Barrel,1,15,31-12-2024,SM
27,10027,02-05-2024,08-05-2024,Standard,C1027,Harper Lee,Retail,Canada,Toronto,ON,M5H 1W7,North,P1027,Clothing,Pants,Chinos,30,50,Fresh Sales,10%,45,20,15,300,Cotton,Gap,In-store,Gap,1,80,31-12-2024,SM
28,10028,02-05-2024,08-05-2024,Standard,C1028,Harper Lee,Retail,Canada,Toronto,ON,M5H 1W7,North,P1028,Clothing,Pants,Chinos,30,50,Discounted Sales,15%,42.5,40,12.5,500,Cotton,Gap,In-store,Gap,1,20,31-12-2024,SM
29,10029,03-05-2024,10-05-2024,Standard,C1029,Evelyn Brown,Retail,Australia,Brisbane,QLD,4000,Pacific,P1029,Electronics,Speaker,Soundbar,140,250,Fresh Sales,5%,237.5,10,97.5,975,Surround,Samsung,In-store,Samsung,1,40,01-04-2025,SM
30,10030,03-05-2024,10-05-2024,Standard,C1030,Evelyn Brown,Retail,Australia,Brisbane,QLD,4000,Pacific,P1030,Electronics,Speaker,Soundbar,140,250,Discounted Sales,10%,225,20,85,1700,Surround,Samsung,In-store,Samsung,1,10,01-04-2025,SM
31,10031,05-05-2024,14-05-2024,Standard,C1031,Liam Martinez,Retail,Brazil,Rio de Janeiro,NULL,20040-080,Americas,P1031,Clothing,Jacket,Bomber,70,120,Fresh Sales,5%,114,12.5,44,550,Lightweight,Zara,In-store,Zara,1,50,31-12-2024,SM
32,10032,05-05-2024,14-05-2024,Standard,C1032,Liam Martinez,Retail,Brazil,Rio de Janeiro,NULL,20040-080,Americas,P1032,Clothing,Jacket,Bomber,70,120,Discounted Sales,10%,108,25,38,950,Lightweight,Zara,In-store,Zara,1,12.5,31-12-2024,SM
33,10033,07-05-2024,18-05-2024,Standard,C1033,Oliver Smith,Retail,Italy,Milan,NULL,20121,Europe,P1033,Home,Decor,Throw Pillow,20,40,Fresh Sales,8%,36.8,20,16.8,336,Velvet,West Elm,In-store,West Elm,1,80,31-12-2024,SM
34,10034,07-05-2024,18-05-2024,Standard,C1034,Oliver Smith,Retail,Italy,Milan,NULL,20121,Europe,P1034,Home,Decor,Throw Pillow,20,40,Discounted Sales,13%,34.8,40,14.8,592,Velvet,West Elm,In-store,West Elm,1,20,31-12-2024,SM
35,10035,08-05-2024,20-05-2024,Express,C1035,Mia Anderson,Corporate,Germany,Frankfurt,NULL,60311,Europe,P1035,Clothing,Shirt,Polo,50,100,Fresh Sales,5%,95,17.5,45,787.5,Casual,Ralph Lauren,In-store,Ralph Lauren,1,70,31-12-2024,SM
36,10036,08-05-2024,20-05-2024,Express,C1036,Mia Anderson,Corporate,Germany,Frankfurt,NULL,60311,Europe,P1036,Clothing,Shirt,Polo,50,100,Discounted Sales,10%,90,35,40,1400,Casual,Ralph Lauren,In-store,Ralph Lauren,1,17.5,31-12-2024,SM
37,10037,11-05-2024,26-05-2024,Standard,C1037,Amelia Johnson,Retail,Australia,Perth,WA,6000,Pacific,P1037,Beauty,Makeup,Foundation,40,60,Fresh Sales,10%,54,15,14,210,Matte,MAC,In-store,MAC,1,60,31-12-2024,SM
38,10038,11-05-2024,26-05-2024,Standard,C1038,Amelia Johnson,Retail,Australia,Perth,WA,6000,Pacific,P1038,Beauty,Makeup,Foundation,40,60,Discounted Sales,15%,51,30,11,330,Matte,MAC,In-store,MAC,1,15,31-12-2024,SM
39,10039,12-05-2024,28-05-2024,Express,C1039,Jack Wilson,Corporate,UK,Edinburgh,NULL,EH1 1EW,Europe,P1039,Beauty,Skincare,Cleanser,15,25,Fresh Sales,8%,23,20,8,160,Hydrating,Cetaphil,In-store,Cetaphil,1,80,31-10-2024,SM
40,10040,12-05-2024,28-05-2024,Express,C1040,Jack Wilson,Corporate,UK,Edinburgh,NULL,EH1 1EW,Europe,P1040,Beauty,Skincare,Cleanser,15,25,Discounted Sales,13%,21.75,40,6.75,270,Hydrating,Cetaphil,In-store,Cetaphil,1,20,31-10-2024,SM
41,10041,14-05-2024,01-06-2024,Express,C1041,Evelyn Taylor,Retail,Spain,Valencia,NULL,46001,Europe,P1041,Home,Decor,Lamp,70,120,Fresh Sales,5%,114,17.5,44,770,LED,Philips,In-store,Philips,1,70,31-12-2024,SM
42,10042,14-05-2024,01-06-2024,Express,C1042,Evelyn Taylor,Retail,Spain,Valencia,NULL,46001,Europe,P1042,Home,Decor,Lamp,70,120,Discounted Sales,10%,108,35,38,1330,LED,Philips,In-store,Philips,1,17.5,31-12-2024,SM
43,10043,15-05-2024,03-06-2024,Standard,C1043,Emily Smith,Corporate,Italy,Naples,NULL,80132,Europe,P1043,Clothing,Dress,Maxi,90,150,Fresh Sales,5%,142.5,22.5,52.5,1181.25,Floral,H&M,In-store,H&M,1,90,31-12-2024,SM
44,10044,15-05-2024,03-06-2024,Standard,C1044,Emily Smith,Corporate,Italy,Naples,NULL,80132,Europe,P1044,Clothing,Dress,Maxi,90,150,Discounted Sales,10%,135,45,45,2025,Floral,H&M,In-store,H&M,1,22.5,31-12-2024,SM
45,10045,18-05-2024,09-06-2024,Express,C1045,Isabella Brown,Corporate,Canada,Calgary,AB,T2P 2L7,North,P1045,Home,Decor,Rug,150,250,Fresh Sales,5%,237.5,17.5,87.5,1531.25,Persian,Pottery Barn,In-store,Pottery Barn,1,70,31-12-2024,SM
46,10046,18-05-2024,09-06-2024,Express,C1046,Isabella Brown,Corporate,Canada,Calgary,AB,T2P 2L7,North,P1046,Home,Decor,Rug,150,250,Discounted Sales,10%,225,35,75,2625,Persian,Pottery Barn,In-store,Pottery Barn,1,17.5,31-12-2024,SM
47,10047,19-05-2024,11-06-2024,Standard,C1047,Olivia Wilson,Retail,Australia,Adelaide,SA,5000,Pacific,P1047,Clothing,T-Shirt,Graphic,20,40,Fresh Sales,10%,36,20,16,320,Cotton,Urban Outfitters,In-store,Urban Outfitters,1,80,31-12-2024,SM
48,10048,19-05-2024,11-06-2024,Standard,C1048,Olivia Wilson,Retail,Australia,Adelaide,SA,5000,Pacific,P1048,Clothing,T-Shirt,Graphic,20,40,Discounted Sales,15%,34,40,14,560,Cotton,Urban Outfitters,In-store,Urban Outfitters,1,20,31-12-2024,SM
49,10049,2024-05-21,2024-06-15,Express,C1049,Mia Taylor,Corporate,USA,Boston,MA,2108,East,P1049,Home,Decor,Wall Clock,35,60,Fresh Sales,5%,57,15,22,330,Vintage,West Elm,In-store,West Elm,1,60,2024-12-31,SM
50,10050,2024-05-21,2024-06-15,Express,C1050,Mia Taylor,Corporate,USA,Boston,MA,2108,East,P1050,Home,Decor,Wall Clock,35,60,Discounted Sales,10%,54,30,19,570,Vintage,West Elm,In-store,West Elm,1,15,2024-12-31,SM
51,10051,2024-05-22,2024-06-17,Standard,C1051,Liam Johnson,Retail,Canada,Ottawa,ON,K1P 1J1,North,P1051,Clothing,Jeans,Skinny,60,100,Fresh Sales,10%,90,17.5,30,525,Stretchy,Levi's,In-store,Levi's,1,70,2024-12-31,SM
52,10052,2024-05-22,2024-06-17,Standard,C1052,Liam Johnson,Retail,Canada,Ottawa,ON,K1P 1J1,North,P1052,Clothing,Jeans,Skinny,60,100,Discounted Sales,15%,85,35,25,875,Stretchy,Levi's,In-store,Levi's,1,17.5,2024-12-31,SM
53,10053,2024-05-23,2024-06-19,Standard,C1053,Charlotte Lee,Retail,Australia,Perth,WA,6000,Pacific,P1053,Electronics,Headphones,Beats,140,250,Fresh Sales,7%,232.5,20,92.5,1850,Noise-cancel,Beats,In-store,Beats,1,80,2025-04-01,SM
54,10054,2024-05-23,2024-06-19,Standard,C1054,Charlotte Lee,Retail,Australia,Perth,WA,6000,Pacific,P1054,Electronics,Headphones,Beats,140,250,Discounted Sales,12%,220,40,80,3200,Noise-cancel,Beats,In-store,Beats,1,20,2025-04-01,SM
55,10055,2024-05-25,2024-06-23,Standard,C1055,Isabella Lee,Retail,Brazil,Recife,NULL,50000-090,Americas,P1055,Clothing,Dress,Midi,70,120,Fresh Sales,8%,110.4,12.5,40.4,505,Floral,Zara,In-store,Zara,1,50,2024-12-31,SM
56,10056,2024-05-25,2024-06-23,Standard,C1056,Isabella Lee,Retail,Brazil,Recife,NULL,50000-090,Americas,P1056,Clothing,Dress,Midi,70,120,Discounted Sales,13%,104.4,25,34.4,860,Floral,Zara,In-store,Zara,1,12.5,2024-12-31,SM
57,10057,2024-05-27,2024-06-28,Standard,C1057,Mia Smith,Retail,Italy,Venice,NULL,30124,Europe,P1057,Home,Decor,Candle Holder,30,50,Fresh Sales,10%,45,20,15,300,Elegant,CB2,In-store,CB2,1,80,2024-12-31,SM
58,10058,2024-05-27,2024-06-28,Standard,C1058,Mia Smith,Retail,Italy,Venice,NULL,30124,Europe,P1058,Home,Decor,Candle Holder,30,50,Discounted Sales,15%,42.5,40,12.5,500,Elegant,CB2,In-store,CB2,1,20,2024-12-31,SM
59,10059,2024-05-28,2024-06-30,Express,C1059,Oliver Wilson,Corporate,Germany,Hamburg,NULL,20095,Europe,P1059,Clothing,Shirt,Casual,40,60,Fresh Sales,8%,55.2,17.5,15.2,266,Linen,H&M,In-store,H&M,1,70,2024-12-31,Kb
60,10060,2024-05-28,2024-06-30,Express,C1060,Oliver Wilson,Corporate,Germany,Hamburg,NULL,20095,Europe,P1060,Clothing,Shirt,Casual,40,60,Discounted Sales,13%,52.2,35,12.2,427,Linen,H&M,In-store,H&M,1,17.5,2024-12-31,Kb
61,10061,2024-05-31,2024-07-06,Standard,C1061,Charlotte Brown,Retail,Australia,Sydney,NSW,2000,Pacific,P1061,Beauty,Skincare,Moisturizer,20,40,Fresh Sales,10%,36,17.5,16,280,Hydrating,Neutrogena,In-store,Neutrogena,1,70,2024-12-31,Kb
62,10062,2024-05-31,2024-07-06,Standard,C1062,Charlotte Brown,Retail,Australia,Sydney,NSW,2000,Pacific,P1062,Beauty,Skincare,Moisturizer,20,40,Discounted Sales,15%,34,35,14,490,Hydrating,Neutrogena,In-store,Neutrogena,1,17.5,2024-12-31,Kb
63,10063,2024-06-01,2024-07-08,Express,C1063,Ethan Lee,Retail,UK,Glasgow,NULL,G1 2FF,Europe,P1063,Beauty,Makeup,Lipstick,30,50,Fresh Sales,5%,47.5,15,17.5,262.5,Matte,MAC,In-store,MAC,1,60,2024-12-31,Kb
64,10064,2024-06-01,2024-07-08,Express,C1064,Ethan Lee,Retail,UK,Glasgow,NULL,G1 2FF,Europe,P1064,Beauty,Makeup,Lipstick,30,50,Discounted Sales,10%,45,30,15,450,Matte,MAC,In-store,MAC,1,15,2024-12-31,Kb
65,10065,2024-06-03,2024-07-12,Express,C1065,Emma Johnson,Corporate,Spain,Madrid,NULL,28001,Europe,P1065,Home,Decor,Sculpture,100,200,Fresh Sales,5%,190,17.5,90,1575,Abstract,Crate & Barrel,In-store,Crate & Barrel,1,70,2024-12-31,Kb
66,10066,2024-06-03,2024-07-12,Express,C1066,Emma Johnson,Corporate,Spain,Madrid,NULL,28001,Europe,P1066,Home,Decor,Sculpture,100,200,Discounted Sales,10%,180,35,80,2800,Abstract,Crate & Barrel,In-store,Crate & Barrel,1,17.5,2024-12-31,Kb
67,10067,2024-06-04,2024-07-14,Standard,C1067,Mia Martinez,Retail,Italy,Rome,NULL,184,Europe,P1067,Clothing,T-Shirt,Graphic,40,60,Fresh Sales,8%,55.2,20,15.2,304,Casual,Calvin Klein,In-store,Calvin Klein,1,80,2024-12-31,Kb
68,10068,2024-06-04,2024-07-14,Standard,C1068,Mia Martinez,Retail,Italy,Rome,NULL,184,Europe,P1068,Clothing,T-Shirt,Graphic,40,60,Discounted Sales,13%,52.2,40,12.2,488,Casual,Calvin Klein,In-store,Calvin Klein,1,20,2024-12-31,Kb
69,10069,2024-06-05,2024-07-16,Express,C1069,Oliver Wilson,Corporate,Germany,Berlin,NULL,10115,Europe,P1069,Electronics,Speaker,Sonos,300,500,Fresh Sales,10%,450,15,150,2250,Wireless,Sonos,In-store,Sonos,1,60,2025-06-30,Kb
70,10070,2024-06-05,2024-07-16,Express,C1070,Oliver Wilson,Corporate,Germany,Berlin,NULL,10115,Europe,P1070,Electronics,Speaker,Sonos,300,500,Discounted Sales,15%,425,30,125,3750,Wireless,Sonos,In-store,Sonos,1,15,2025-06-30,Kb
71,10071,2024-06-08,2024-07-22,Standard,C1071,Emma Johnson,Retail,Australia,Melbourne,VIC,3000,Pacific,P1071,Beauty,Makeup,Eyeshadow Palette,40,80,Fresh Sales,7%,74.4,20,34.4,688,Neutral,Urban Decay,In-store,Urban Decay,1,80,2024-12-31,Kb
72,10072,2024-06-08,2024-07-22,Standard,C1072,Emma Johnson,Retail,Australia,Melbourne,VIC,3000,Pacific,P1072,Beauty,Makeup,Eyeshadow Palette,40,80,Discounted Sales,12%,70.4,40,30.4,1216,Neutral,Urban Decay,In-store,Urban Decay,1,20,2024-12-31,Kb
73,10073,2024-06-09,2024-07-24,Express,C1073,Oliver Smith,Corporate,UK,London,NULL,SW1A 2AA,Europe,P1073,Beauty,Skincare,Serum,80,120,Fresh Sales,10%,108,22.5,28,630,Anti-aging,Estée Lauder,In-store,Estée Lauder,1,90,2024-12-31,Kb
74,10074,2024-06-09,2024-07-24,Express,C1074,Oliver Smith,Corporate,UK,London,NULL,SW1A 2AA,Europe,P1074,Beauty,Skincare,Serum,80,120,Discounted Sales,15%,102,45,22,990,Anti-aging,Estée Lauder,In-store,Estée Lauder,1,22.5,2024-12-31,Kb
75,10075,2024-06-10,2024-07-26,Standard,C1075,Noah Taylor,Retail,USA,Chicago,IL,60601,Midwest,P1075,Home,Decor,Wall Art,70,120,Fresh Sales,5%,114,17.5,44,770,Abstract,Pier 1,In-store,Pier 1,1,70,2024-12-31,Kb
76,10076,2024-06-10,2024-07-26,Standard,C1076,Noah Taylor,Retail,USA,Chicago,IL,60601,Midwest,P1076,Home,Decor,Wall Art,70,120,Discounted Sales,10%,108,35,38,1330,Abstract,Pier 1,In-store,Pier 1,1,17.5,2024-12-31,Kb
77,10077,2024-06-11,2024-07-28,Express,C1077,Mia Martinez,Corporate,Canada,Toronto,ON,M5H 1W7,North,P1077,Clothing,Shirt,Casual,40,80,Fresh Sales,10%,72,20,32,640,Linen,Gap,In-store,Gap,1,80,2024-12-31,Kb
78,10078,2024-06-11,2024-07-28,Express,C1078,Mia Martinez,Corporate,Canada,Toronto,ON,M5H 1W7,North,P1078,Clothing,Shirt,Casual,40,80,Discounted Sales,15%,68,40,28,1120,Linen,Gap,In-store,Gap,1,20,2024-12-31,Kb
79,10079,2024-06-14,2024-08-03,Standard,C1079,Emma Wilson,Retail,Brazil,São Paulo,NULL,01310-100,Americas,P1079,Clothing,Jeans,Bootcut,70,120,Fresh Sales,7%,111.6,12.5,41.6,520,Stretchy,Levi's,In-store,Levi's,1,50,2024-12-31,Kb
80,10080,2024-06-14,2024-08-03,Standard,C1080,Emma Wilson,Retail,Brazil,São Paulo,NULL,01310-100,Americas,P1080,Clothing,Jeans,Bootcut,70,120,Discounted Sales,12%,105.6,25,35.6,890,Stretchy,Levi's,In-store,Levi's,1,12.5,2024-12-31,Kb
81,10081,2024-06-15,2024-08-05,Express,C1081,Mia Anderson,Corporate,Spain,Barcelona,NULL,8002,Europe,P1081,Electronics,Earphones,JBL,30,50,Fresh Sales,10%,45,20,15,300,Wireless,JBL,In-store,JBL,1,80,2025-06-30,Kb
82,10082,2024-06-15,2024-08-05,Express,C1082,Mia Anderson,Corporate,Spain,Barcelona,NULL,8002,Europe,P1082,Electronics,Earphones,JBL,30,50,Discounted Sales,15%,42.5,40,12.5,500,Wireless,JBL,In-store,JBL,1,20,2025-06-30,Kb
83,10083,2024-06-16,2024-08-07,Standard,C1083,Oliver Taylor,Retail,Italy,Florence,NULL,50122,Europe,P1083,Home,Decor,Picture Frame,40,60,Fresh Sales,8%,55.2,17.5,15.2,266,Vintage,IKEA,In-store,IKEA,1,70,2024-12-31,Kb
84,10084,2024-06-16,2024-08-07,Standard,C1084,Oliver Taylor,Retail,Italy,Florence,NULL,50122,Europe,P1084,Home,Decor,Picture Frame,40,60,Discounted Sales,13%,52.2,35,12.2,427,Vintage,IKEA,In-store,IKEA,1,17.5,2024-12-31,Kb
85,10085,2024-06-17,2024-08-09,Express,C1085,Liam Martinez,Corporate,Germany,Munich,NULL,80331,Europe,P1085,Clothing,Dress,Midi,70,120,Fresh Sales,5%,114,20,44,880,Floral,H&M,In-store,H&M,1,80,2024-12-31,Kb
86,10086,2024-06-17,2024-08-09,Express,C1086,Liam Martinez,Corporate,Germany,Munich,NULL,80331,Europe,P1086,Clothing,Dress,Midi,70,120,Discounted Sales,10%,108,40,38,1520,Floral,H&M,In-store,H&M,1,20,2024-12-31,Kb
87,10087,2024-06-20,2024-08-15,Standard,C1087,Mia Brown,Retail,Australia,Brisbane,QLD,4000,Pacific,P1087,Beauty,Makeup,Mascara,20,40,Fresh Sales,8%,36.8,17.5,16.8,294,Lengthening,Maybelline,In-store,Maybelline,1,70,2024-12-31,Kb
88,10088,2024-06-20,2024-08-15,Standard,C1088,Mia Brown,Retail,Australia,Brisbane,QLD,4000,Pacific,P1088,Beauty,Makeup,Mascara,20,40,Discounted Sales,13%,34.8,35,14.8,518,Lengthening,Maybelline,In-store,Maybelline,1,17.5,2024-12-31,Kb
89,10089,2024-06-22,2024-08-19,Standard,C1089,Emma Taylor,Retail,Brazil,Rio de Janeiro,NULL,20000-000,Americas,P1089,Home,Decor,Vase,60,100,Fresh Sales,8%,92,20,32,640,Ceramic,Zara Home,In-store,Zara Home,1,80,2024-12-31,Kb
90,10090,2024-06-22,2024-08-19,Standard,C1090,Emma Taylor,Retail,Brazil,Rio de Janeiro,NULL,20000-000,Americas,P1090,Home,Decor,Vase,60,100,Discounted Sales,13%,87,40,27,1080,Ceramic,Zara Home,In-store,Zara Home,1,20,2024-12-31,Kb
91,10091,2024-06-23,2024-08-21,Express,C1091,Liam Martinez,Corporate,Spain,Valencia,NULL,46001,Europe,P1091,Clothing,Shirt,Formal,40,60,Fresh Sales,10%,54,20,14,280,Cotton,Zara,In-store,Zara,1,80,2024-12-31,Kb
92,10092,2024-06-23,2024-08-21,Express,C1092,Liam Martinez,Corporate,Spain,Valencia,NULL,46001,Europe,P1092,Clothing,Shirt,Formal,40,60,Discounted Sales,15%,51,40,11,440,Cotton,Zara,In-store,Zara,1,20,2024-12-31,Kb
93,10093,2024-06-25,2024-08-25,Express,C1093,Oliver Smith,Corporate,Germany,Frankfurt,NULL,60311,Europe,P1093,Home,Decor,Throw Pillow,30,50,Fresh Sales,10%,45,20,15,300,Velvet,Crate & Barrel,In-store,Crate & Barrel,1,80,2024-12-31,Kb
94,10094,2024-06-25,2024-08-25,Express,C1094,Oliver Smith,Corporate,Germany,Frankfurt,NULL,60311,Europe,P1094,Home,Decor,Throw Pillow,30,50,Discounted Sales,15%,42.5,40,12.5,500,Velvet,Crate & Barrel,In-store,Crate & Barrel,1,20,2024-12-31,Kb
95,10095,2024-06-26,2024-08-27,Standard,C1095,Emma Wilson,Retail,USA,Los Angeles,CA,90001,West,P1095,Clothing,Dress,Maxi,70,120,Fresh Sales,7%,111.6,17.5,41.6,728,Floral,H&M,In-store,H&M,1,70,2024-12-31,Kb
96,10096,2024-06-26,2024-08-27,Standard,C1096,Emma Wilson,Retail,USA,Los Angeles,CA,90001,West,P1096,Clothing,Dress,Maxi,70,120,Discounted Sales,12%,105.6,35,35.6,1246,Floral,H&M,In-store,H&M,1,17.5,2024-12-31,Kb
97,10097,2024-06-27,2024-08-29,Express,C1097,Liam Brown,Corporate,Canada,Calgary,AB,T2P 2L7,North,P1097,Beauty,Skincare,Sunscreen,35,60,Fresh Sales,10%,54,15,19,285,SPF 50,Neutrogena,In-store,Neutrogena,1,60,2024-12-31,Kb
98,10098,2024-06-27,2024-08-29,Express,C1098,Liam Brown,Corporate,Canada,Calgary,AB,T2P 2L7,North,P1098,Beauty,Skincare,Sunscreen,35,60,Discounted Sales,15%,51,30,16,480,SPF 50,Neutrogena,In-store,Neutrogena,1,15,2024-12-31,Kb
99,10099,2024-06-28,2024-08-31,Standard,C1099,Isabella Lee,Retail,Australia,Perth,WA,6000,Pacific,P1099,Electronics,Headphones,Sony,140,250,Fresh Sales,8%,230,20,90,1800,Noise-cancel,Sony,In-store,Sony,1,80,2025-04-01,Kb
100,10100,2024-06-28,2024-08-31,Standard,C1100,Isabella Lee,Retail,Australia,Perth,WA,6000,Pacific,P1100,Electronics,Headphones,Sony,140,250,Discounted Sales,13%,217.5,40,77.5,3100,Noise-cancel,Sony,In-store,Sony,1,20,2025-04-01,Kb
101,10101,30-06-2024,04-09-2024,Standard,C1101,Mia Taylor,Retail,USA,Seattle,WA,98101,West,P1101,Home,Decor,Rug,130,250,Fresh Sales,5%,237.5,15,107.5,1612.5,Oriental,Pottery Barn,In-store,Pottery Barn,1,60,31-12-2024,Kb
102,10102,30-06-2024,04-09-2024,Standard,C1102,Mia Taylor,Retail,USA,Seattle,WA,98101,West,P1102,Home,Decor,Rug,130,250,Discounted Sales,10%,225,30,95,2850,Oriental,Pottery Barn,In-store,Pottery Barn,1,15,31-12-2024,Kb
103,10103,01-07-2024,06-09-2024,Express,C1103,Oliver Garcia,Corporate,Canada,Edmonton,AB,T5J 2X1,North,P1103,Clothing,T-Shirt,Plain,15,40,Fresh Sales,10%,36,20,21,420,Basic,Uniqlo,In-store,Uniqlo,1,80,31-12-2024,Kb
104,10104,01-07-2024,06-09-2024,Express,C1104,Oliver Garcia,Corporate,Canada,Edmonton,AB,T5J 2X1,North,P1104,Clothing,T-Shirt,Plain,15,40,Discounted Sales,15%,34,40,19,760,Basic,Uniqlo,In-store,Uniqlo,1,20,31-12-2024,Kb
105,10105,04-07-2024,12-09-2024,Standard,C1105,Isabella Taylor,Retail,Brazil,Belo Horizonte,NULL,30140-050,Americas,P1105,Clothing,Jeans,Skinny,60,100,Fresh Sales,10%,90,17.5,30,525,Stretchy,Levi's,In-store,Levi's,1,70,31-12-2024,Kb
106,10106,04-07-2024,12-09-2024,Standard,C1106,Isabella Taylor,Retail,Brazil,Belo Horizonte,NULL,30140-050,Americas,P1106,Clothing,Jeans,Skinny,60,100,Discounted Sales,15%,85,35,25,875,Stretchy,Levi's,In-store,Levi's,1,17.5,31-12-2024,Kb
107,10107,05-07-2024,14-09-2024,Express,C1107,Noah Johnson,Corporate,Spain,Barcelona,NULL,8003,Europe,P1107,Electronics,Headphones,Bose,180,300,Fresh Sales,5%,285,20,105,2100,Noise-cancel,Bose,In-store,Bose,1,80,01-04-2025,Kb
108,10108,05-07-2024,14-09-2024,Express,C1108,Noah Johnson,Corporate,Spain,Barcelona,NULL,8003,Europe,P1108,Electronics,Headphones,Bose,180,300,Discounted Sales,10%,270,40,90,3600,Noise-cancel,Bose,In-store,Bose,1,20,01-04-2025,Kb
109,10109,06-07-2024,16-09-2024,Standard,C1109,Mia Garcia,Retail,Italy,Naples,NULL,80134,Europe,P1109,Home,Decor,Mirror,100,200,Fresh Sales,10%,180,17.5,80,1400,Contemporary,CB2,In-store,CB2,1,70,31-12-2024,Kb
110,10110,06-07-2024,16-09-2024,Standard,C1110,Mia Garcia,Retail,Italy,Naples,NULL,80134,Europe,P1110,Home,Decor,Mirror,100,200,Discounted Sales,15%,170,35,70,2450,Contemporary,CB2,In-store,CB2,1,17.5,31-12-2024,Kb
111,10111,07-07-2024,18-09-2024,Express,C1111,Oliver Wilson,Corporate,Germany,Cologne,NULL,50667,Europe,P1111,Clothing,Shirt,Formal,40,80,Fresh Sales,8%,73.6,20,33.6,672,Cotton,Zara,In-store,Zara,1,80,31-12-2024,Kb
112,10112,07-07-2024,18-09-2024,Express,C1112,Oliver Wilson,Corporate,Germany,Cologne,NULL,50667,Europe,P1112,Clothing,Shirt,Formal,40,80,Discounted Sales,13%,69.6,40,29.6,1184,Cotton,Zara,In-store,Zara,1,20,31-12-2024,Kb
113,10113,10-07-2024,24-09-2024,Standard,C1113,Isabella Garcia,Retail,Australia,Perth,WA,6000,Pacific,P1113,Clothing,Dress,Maxi,80,150,Fresh Sales,8%,138,17.5,58,1015,Floral,H&M,In-store,H&M,1,70,31-12-2024,Kb
114,10114,10-07-2024,24-09-2024,Standard,C1114,Isabella Garcia,Retail,Australia,Perth,WA,6000,Pacific,P1114,Clothing,Dress,Maxi,80,150,Discounted Sales,13%,130.5,35,50.5,1767.5,Floral,H&M,In-store,H&M,1,17.5,31-12-2024,Kb
115,10115,11-07-2024,26-09-2024,Express,C1115,Noah Johnson,Corporate,UK,Manchester,NULL,M2 4JG,Europe,P1115,Beauty,Skincare,Moisturizer,40,60,Fresh Sales,5%,57,20,17,340,Hydrating,Neutrogena,In-store,Neutrogena,1,80,31-12-2024,Kb
116,10116,11-07-2024,26-09-2024,Express,C1116,Noah Johnson,Corporate,UK,Manchester,NULL,M2 4JG,Europe,P1116,Beauty,Skincare,Moisturizer,40,60,Discounted Sales,10%,54,40,14,560,Hydrating,Neutrogena,In-store,Neutrogena,1,20,31-12-2024,Kb
117,10117,13-07-2024,30-09-2024,Express,C1117,Oliver Smith,Corporate,Spain,Madrid,NULL,28001,Europe,P1117,Home,Decor,Clock,60,100,Fresh Sales,10%,90,20,30,600,Modern,IKEA,In-store,IKEA,1,80,31-12-2024,Kb
118,10118,13-07-2024,30-09-2024,Express,C1118,Oliver Smith,Corporate,Spain,Madrid,NULL,28001,Europe,P1118,Home,Decor,Clock,60,100,Discounted Sales,15%,85,40,25,1000,Modern,IKEA,In-store,IKEA,1,20,31-12-2024,Kb
119,10119,14-07-2024,02-10-2024,Standard,C1119,Liam Taylor,Retail,USA,New York City,NY,10001,East,P1119,Clothing,Shirt,Casual,30,50,Fresh Sales,7%,46.5,17.5,16.5,288.75,Linen,Uniqlo,In-store,Uniqlo,1,70,31-12-2024,Kb
120,10120,14-07-2024,02-10-2024,Standard,C1120,Liam Taylor,Retail,USA,New York City,NY,10001,East,P1120,Clothing,Shirt,Casual,30,50,Discounted Sales,12%,44,35,14,490,Linen,Uniqlo,In-store,Uniqlo,1,17.5,31-12-2024,Kb
121,10121,15-07-2024,04-10-2024,Express,C1121,Isabella Wilson,Corporate,Canada,Vancouver,BC,V6B 1A1,North,P1121,Beauty,Makeup,Lipstick,40,70,Fresh Sales,10%,63,20,23,460,Matte,MAC,In-store,MAC,1,80,31-12-2024,Kb
122,10122,15-07-2024,04-10-2024,Express,C1122,Isabella Wilson,Corporate,Canada,Vancouver,BC,V6B 1A1,North,P1122,Beauty,Makeup,Lipstick,40,70,Discounted Sales,15%,59.5,40,19.5,780,Matte,MAC,In-store,MAC,1,20,31-12-2024,Kb
123,10123,16-07-2024,06-10-2024,Standard,C1123,Noah Martinez,Retail,Australia,Sydney,NSW,2000,Pacific,P1123,Electronics,Speaker,Bose,300,500,Fresh Sales,5%,475,15,175,2625,Wireless,Bose,In-store,Bose,1,60,30-06-2025,Kb
124,10124,16-07-2024,06-10-2024,Standard,C1124,Noah Martinez,Retail,Australia,Sydney,NSW,2000,Pacific,P1124,Electronics,Speaker,Bose,300,500,Discounted Sales,10%,450,30,150,4500,Wireless,Bose,In-store,Bose,1,15,30-06-2025,Kb
125,10125,18-07-2024,10-10-2024,Standard,C1125,Oliver Brown,Retail,Brazil,Rio de Janeiro,NULL,20000-000,Americas,P1125,Clothing,Jeans,Bootcut,60,100,Fresh Sales,8%,92,17.5,32,560,Classic,Levi's,In-store,Levi's,1,70,31-12-2024,Kb
126,10126,18-07-2024,10-10-2024,Standard,C1126,Oliver Brown,Retail,Brazil,Rio de Janeiro,NULL,20000-000,Americas,P1126,Clothing,Jeans,Bootcut,60,100,Discounted Sales,13%,87,35,27,945,Classic,Levi's,In-store,Levi's,1,17.5,31-12-2024,Kb
127,10127,20-07-2024,14-10-2024,Standard,C1127,Emma Taylor,Retail,USA,Chicago,IL,60601,Midwest,P1127,Home,Decor,Table Lamp,60,100,Fresh Sales,8%,92,17.5,32,560,Contemporary,West Elm,In-store,West Elm,1,70,31-12-2024,Kb
128,10128,20-07-2024,14-10-2024,Standard,C1128,Emma Taylor,Retail,USA,Chicago,IL,60601,Midwest,P1128,Home,Decor,Table Lamp,60,100,Discounted Sales,13%,87,35,27,945,Contemporary,West Elm,In-store,West Elm,1,17.5,31-12-2024,Kb
129,10129,21-07-2024,16-10-2024,Express,C1129,Oliver Smith,Corporate,Canada,Toronto,ON,M5H 1W7,North,P1129,Clothing,Jacket,Winter,150,250,Fresh Sales,5%,237.5,20,87.5,1750,Insulated,The North Face,In-store,The North Face,1,80,31-12-2024,Kb
130,10130,21-07-2024,16-10-2024,Express,C1130,Oliver Smith,Corporate,Canada,Toronto,ON,M5H 1W7,North,P1130,Clothing,Jacket,Winter,150,250,Discounted Sales,10%,225,40,75,3000,Insulated,The North Face,In-store,The North Face,1,20,31-12-2024,Kb
131,10131,28-09-2024,03-03-2025,Standard,C1131,Noah Martinez,Retail,Australia,Perth,WA,6000,Pacific,P1131,Clothing,Jeans,Skinny,60,100,Fresh Sales,8%,92,17.5,32,560,Stretchy,Levi's,In-store,Levi's,1,70,31-12-2024,SM
132,10132,28-09-2024,03-03-2025,Standard,C1132,Noah Martinez,Retail,Australia,Perth,WA,6000,Pacific,P1132,Clothing,Jeans,Skinny,60,100,Discounted Sales,13%,87,35,27,945,Stretchy,Levi's,In-store,Levi's,1,17.5,31-12-2024,SM
133,10133,29-09-2024,05-03-2025,Express,C1133,Emma Brown,Corporate,UK,London,NULL,SW1A 1AA,Europe,P1133,Beauty,Skincare,Moisturizer,40,60,Fresh Sales,5%,57,20,17,340,Hydrating,Neutrogena,In-store,Neutrogena,1,80,31-12-2024,SM
134,10134,29-09-2024,05-03-2025,Express,C1134,Emma Brown,Corporate,UK,London,NULL,SW1A 1AA,Europe,P1134,Beauty,Skincare,Moisturizer,40,60,Discounted Sales,10%,54,40,14,560,Hydrating,Neutrogena,In-store,Neutrogena,1,20,31-12-2024,SM
135,10135,01-10-2024,09-03-2025,Express,C1135,Mia Taylor,Corporate,Spain,Madrid,NULL,28001,Europe,P1135,Home,Decor,Rug,60,100,Fresh Sales,10%,90,20,30,600,Modern,IKEA,In-store,IKEA,1,80,31-12-2024,SM
136,10136,01-10-2024,09-03-2025,Express,C1136,Mia Taylor,Corporate,Spain,Madrid,NULL,28001,Europe,P1136,Home,Decor,Rug,60,100,Discounted Sales,15%,85,40,25,1000,Modern,IKEA,In-store,IKEA,1,20,31-12-2024,SM
137,10137,02-10-2024,11-03-2025,Standard,C1137,Liam Johnson,Retail,USA,New York City,NY,10001,East,P1137,Clothing,Shirt,Casual,30,50,Fresh Sales,7%,46.5,17.5,16.5,288.75,Linen,Uniqlo,In-store,Uniqlo,1,70,31-12-2024,SM
138,10138,02-10-2024,11-03-2025,Standard,C1138,Liam Johnson,Retail,USA,New York City,NY,10001,East,P1138,Clothing,Shirt,Casual,30,50,Discounted Sales,12%,44,35,14,490,Linen,Uniqlo,In-store,Uniqlo,1,17.5,31-12-2024,SM
139,10139,03-10-2024,13-03-2025,Express,C1139,Isabella Garcia,Corporate,Canada,Vancouver,BC,V6B 1A1,North,P1139,Beauty,Makeup,Lipstick,40,70,Fresh Sales,10%,63,20,23,460,Matte,MAC,In-store,MAC,1,80,31-12-2024,SM
140,10140,03-10-2024,13-03-2025,Express,C1140,Isabella Garcia,Corporate,Canada,Vancouver,BC,V6B 1A1,North,P1140,Beauty,Makeup,Lipstick,40,70,Discounted Sales,15%,59.5,40,19.5,780,Matte,MAC,In-store,MAC,1,20,31-12-2024,SM
141,10141,04-10-2024,15-03-2025,Standard,C1141,Noah Brown,Retail,Australia,Sydney,NSW,2000,Pacific,P1141,Electronics,Speaker,Bose,300,500,Fresh Sales,5%,475,15,175,2625,Wireless,Bose,In-store,Bose,1,60,30-06-2025,SM
142,10142,04-10-2024,15-03-2025,Standard,C1142,Noah Brown,Retail,Australia,Sydney,NSW,2000,Pacific,P1142,Electronics,Speaker,Bose,300,500,Discounted Sales,10%,450,30,150,4500,Wireless,Bose,In-store,Bose,1,15,30-06-2025,SM
143,10143,06-10-2024,19-03-2025,Standard,C1143,Oliver Johnson,Retail,Brazil,Rio de Janeiro,NULL,20000-000,Americas,P1143,Clothing,Jeans,Bootcut,60,100,Fresh Sales,8%,92,17.5,32,560,Classic,Levi's,In-store,Levi's,1,70,31-12-2024,SM
144,10144,06-10-2024,19-03-2025,Standard,C1144,Oliver Johnson,Retail,Brazil,Rio de Janeiro,NULL,20000-000,Americas,P1144,Clothing,Jeans,Bootcut,60,100,Discounted Sales,13%,87,35,27,945,Classic,Levi's,In-store,Levi's,1,17.5,31-12-2024,SM
145,10145,08-10-2024,23-03-2025,Standard,C1145,Mia Wilson,Corporate,Canada,Toronto,ON,M5H 1W7,North,P1145,Home,Decor,Vase,30,50,Fresh Sales,8%,46,17.5,16,280,Modern,West Elm,In-store,West Elm,1,70,31-12-2024,SM
146,10146,08-10-2024,23-03-2025,Standard,C1146,Mia Wilson,Corporate,Canada,Toronto,ON,M5H 1W7,North,P1146,Home,Decor,Vase,30,50,Discounted Sales,13%,43.5,35,13.5,472.5,Modern,West Elm,In-store,West Elm,1,17.5,31-12-2024,SM
147,10147,09-10-2024,25-03-2025,Express,C1147,Isabella Smith,Corporate,UK,London,NULL,SW1A 1AA,Europe,P1147,Clothing,Dress,Maxi,70,120,Fresh Sales,5%,114,20,44,880,Floral,Zara,In-store,Zara,1,80,31-12-2024,SM
148,10148,09-10-2024,25-03-2025,Express,C1148,Isabella Smith,Corporate,UK,London,NULL,SW1A 1AA,Europe,P1148,Clothing,Dress,Maxi,70,120,Discounted Sales,10%,108,40,38,1520,Floral,Zara,In-store,Zara,1,20,31-12-2024,SM
149,10149,12-10-2024,31-03-2025,Standard,C1149,Noah Garcia,Retail,Brazil,São Paulo,NULL,01310-100,Americas,P1149,Clothing,T-Shirt,Striped,30,50,Fresh Sales,10%,45,17.5,15,262.5,Casual,H&M,In-store,H&M,1,70,31-12-2024,SM
150,10150,12-10-2024,31-03-2025,Standard,C1150,Noah Garcia,Retail,Brazil,São Paulo,NULL,01310-100,Americas,P1150,Clothing,T-Shirt,Striped,30,50,Discounted Sales,15%,42.5,35,12.5,437.5,Casual,H&M,In-store,H&M,1,17.5,31-12-2024,SM
151,10151,14-10-2024,04-04-2025,Standard,C1151,Isabella Brown,Retail,Italy,Rome,NULL,184,Europe,P1151,Home,Decor,Wall Shelf,60,100,Fresh Sales,5%,95,17.5,35,612.5,Minimalist,IKEA,In-store,IKEA,1,70,31-12-2024,SM
152,10152,14-10-2024,04-04-2025,Standard,C1152,Isabella Brown,Retail,Italy,Rome,NULL,184,Europe,P1152,Home,Decor,Wall Shelf,60,100,Discounted Sales,10%,90,35,30,1050,Minimalist,IKEA,In-store,IKEA,1,17.5,31-12-2024,SM
153,10153,15-10-2024,06-04-2025,Express,C1153,Oliver Taylor,Corporate,Germany,Berlin,NULL,10117,Europe,P1153,Clothing,Jacket,Parka,200,400,Fresh Sales,5%,380,20,180,3600,Warm,The North Face,In-store,The North Face,1,80,31-12-2024,SM
154,10154,15-10-2024,06-04-2025,Express,C1154,Oliver Taylor,Corporate,Germany,Berlin,NULL,10117,Europe,P1154,Clothing,Jacket,Parka,200,400,Discounted Sales,5%,380,40,180,7200,Warm,The North Face,In-store,The North Face,1,20,31-12-2024,SM
155,10155,18-10-2024,12-04-2025,Standard,C1155,Noah Johnson,Retail,Brazil,Rio de Janeiro,NULL,20000-000,Americas,P1155,Clothing,Jeans,Straight,60,100,Fresh Sales,8%,92,17.5,32,560,Classic,Levi's,In-store,Levi's,1,70,31-12-2024,SM
156,10156,18-10-2024,12-04-2025,Standard,C1156,Noah Johnson,Retail,Brazil,Rio de Janeiro,NULL,20000-000,Americas,P1156,Clothing,Jeans,Straight,60,100,Discounted Sales,8%,92,35,32,1120,Classic,Levi's,In-store,Levi's,1,17.5,31-12-2024,SM
157,10157,19-10-2024,14-04-2025,Express,C1157,Emma Garcia,Corporate,Spain,Madrid,NULL,28001,Europe,P1157,Beauty,Makeup,Eyeshadow Palette,60,100,Fresh Sales,10%,90,20,30,600,Neutral,Urban Decay,In-store,Urban Decay,1,80,31-12-2024,SM
158,10158,19-10-2024,14-04-2025,Express,C1158,Emma Garcia,Corporate,Spain,Madrid,NULL,28001,Europe,P1158,Beauty,Makeup,Eyeshadow Palette,60,100,Discounted Sales,10%,90,40,30,1200,Neutral,Urban Decay,In-store,Urban Decay,1,20,31-12-2024,SM
159,10159,20-10-2024,16-04-2025,Standard,C1159,Isabella Wilson,Retail,Canada,Montreal,QC,H3B 4J5,North,P1159,Electronics,Headphones,Bose,450,750,Fresh Sales,10%,675,17.5,225,3937.5,Noise-cancelling,Bose,In-store,Bose,1,70,30-06-2025,SM
160,10160,20-10-2024,16-04-2025,Standard,C1160,Isabella Wilson,Retail,Canada,Montreal,QC,H3B 4J5,North,P1160,Electronics,Headphones,Bose,450,750,Discounted Sales,10%,675,35,225,7875,Noise-cancelling,Bose,In-store,Bose,1,17.5,30-06-2025,SM
161,10161,21-10-2024,18-04-2025,Express,C1161,Oliver Smith,Corporate,USA,New York City,NY,10001,East,P1161,Home,Decor,Wall Clock,70,120,Fresh Sales,5%,114,1,44,44,Contemporary,CB2,In-store,CB2,1,80,31-12-2024,SM
162,10162,21-10-2024,18-04-2025,Express,C1162,Oliver Smith,Corporate,USA,New York City,NY,10001,East,P1162,Home,Decor,Wall Clock,70,120,Discounted Sales,5%,114,1,44,44,Contemporary,CB2,In-store,CB2,1,20,31-12-2024,SM
163,10163,22-10-2024,20-04-2025,Standard,C1163,Mia Martinez,Retail,Australia,Sydney,NSW,2000,Pacific,P1163,Clothing,T-Shirt,Plain,30,50,Fresh Sales,8%,46,2,16,32,Basic,Hanes,In-store,Hanes,1,70,31-12-2024,SM
164,10164,22-10-2024,20-04-2025,Standard,C1164,Mia Martinez,Retail,Australia,Sydney,NSW,2000,Pacific,P1164,Clothing,T-Shirt,Plain,30,50,Discounted Sales,13%,43.5,2,13.5,27,Basic,Hanes,In-store,Hanes,1,17.5,31-12-2024,SM
165,10165,23-10-2024,22-04-2025,Express,C1165,Liam Taylor,Corporate,UK,London,NULL,SW1A 1AA,Europe,P1165,Beauty,Skincare,Sunscreen,40,70,Fresh Sales,5%,66.5,3,26.5,79.5,SPF 50,Neutrogena,In-store,Neutrogena,1,80,31-12-2024,SM
166,10166,23-10-2024,22-04-2025,Express,C1166,Liam Taylor,Corporate,UK,London,NULL,SW1A 1AA,Europe,P1166,Beauty,Skincare,Sunscreen,40,70,Discounted Sales,10%,63,3,23,69,SPF 50,Neutrogena,In-store,Neutrogena,1,20,31-12-2024,SM
167,10167,26-10-2024,28-04-2025,Standard,C1167,Oliver Brown,Retail,Brazil,São Paulo,NULL,01310-100,Americas,P1167,Clothing,Dress,Bodycon,70,120,Fresh Sales,8%,110.4,2,40.4,80.8,Slim fit,Zara,In-store,Zara,1,70,31-12-2024,SM
168,10168,26-10-2024,28-04-2025,Standard,C1168,Oliver Brown,Retail,Brazil,São Paulo,NULL,01310-100,Americas,P1168,Clothing,Dress,Bodycon,70,120,Discounted Sales,13%,104.4,2,34.4,68.8,Slim fit,Zara,In-store,Zara,1,17.5,31-12-2024,SM
169,10169,28-10-2024,02-05-2025,Standard,C1169,Liam Martinez,Retail,USA,Chicago,IL,60601,Midwest,P1169,Home,Decor,Throw Pillow,20,40,Fresh Sales,5%,38,2,18,36,Cozy,West Elm,In-store,West Elm,1,70,31-12-2024,SM
170,10170,28-10-2024,02-05-2025,Standard,C1170,Liam Martinez,Retail,USA,Chicago,IL,60601,Midwest,P1170,Home,Decor,Throw Pillow,20,40,Discounted Sales,10%,36,2,16,32,Cozy,West Elm,In-store,West Elm,1,17.5,31-12-2024,SM
171,10171,29-10-2024,04-05-2025,Express,C1171,Isabella Wilson,Corporate,Canada,Vancouver,BC,V6B 1A1,North,P1171,Clothing,Dress,Midi,90,150,Fresh Sales,5%,142.5,1,52.5,52.5,Chic,H&M,In-store,H&M,1,80,31-12-2024,SM
172,10172,29-10-2024,04-05-2025,Express,C1172,Isabella Wilson,Corporate,Canada,Vancouver,BC,V6B 1A1,North,P1172,Clothing,Dress,Midi,90,150,Discounted Sales,10%,135,1,45,45,Chic,H&M,In-store,H&M,1,20,31-12-2024,SM
173,10173,01-11-2024,10-05-2025,Standard,C1173,Oliver Garcia,Retail,Brazil,São Paulo,NULL,01310-100,Americas,P1173,Clothing,Trousers,Chinos,40,80,Fresh Sales,10%,72,3,32,96,Classic,Zara,In-store,Zara,1,70,31-12-2024,SM
174,10174,01-11-2024,10-05-2025,Standard,C1174,Oliver Garcia,Retail,Brazil,São Paulo,NULL,01310-100,Americas,P1174,Clothing,Trousers,Chinos,40,80,Discounted Sales,15%,68,3,28,84,Classic,Zara,In-store,Zara,1,17.5,31-12-2024,SM
175,10175,02-11-2024,12-05-2025,Express,C1175,Mia Brown,Corporate,Spain,Madrid,NULL,28001,Europe,P1175,Electronics,Headphones,Beats Studio,200,400,Fresh Sales,5%,380,2,180,360,Noise-cancelling,Beats,In-store,Beats,1,80,31-12-2024,SM
176,10176,02-11-2024,12-05-2025,Express,C1176,Mia Brown,Corporate,Spain,Madrid,NULL,28001,Europe,P1176,Electronics,Headphones,Beats Studio,200,400,Discounted Sales,10%,360,2,160,320,Noise-cancelling,Beats,In-store,Beats,1,20,31-12-2024,SM
177,10177,03-11-2024,14-05-2025,Standard,C1177,Liam Martinez,Retail,Italy,Rome,NULL,184,Europe,P1177,Home,Decor,Wall Art,30,50,Fresh Sales,5%,47.5,1,17.5,17.5,Modern,IKEA,In-store,IKEA,1,70,31-12-2024,SM
178,10178,03-11-2024,14-05-2025,Standard,C1178,Liam Martinez,Retail,Italy,Rome,NULL,184,Europe,P1178,Home,Decor,Wall Art,30,50,Discounted Sales,10%,45,1,15,15,Modern,IKEA,In-store,IKEA,1,17.5,31-12-2024,SM
179,10179,04-11-2024,16-05-2025,Express,C1179,Isabella Wilson,Corporate,Germany,Berlin,NULL,10117,Europe,P1179,Clothing,T-Shirt,Graphic,30,50,Fresh Sales,5%,47.5,2,17.5,35,Casual,H&M,In-store,H&M,1,80,31-12-2024,SM
180,10180,04-11-2024,16-05-2025,Express,C1180,Isabella Wilson,Corporate,Germany,Berlin,NULL,10117,Europe,P1180,Clothing,T-Shirt,Graphic,30,50,Discounted Sales,10%,45,2,15,30,Casual,H&M,In-store,H&M,1,20,31-12-2024,SM
181,10181,07-11-2024,22-05-2025,Standard,C1181,Oliver Taylor,Retail,Brazil,Rio de Janeiro,NULL,20000-000,Americas,P1181,Clothing,Jeans,Skinny,80,120,Fresh Sales,10%,108,3,28,84,Stretchy,Levi's,In-store,Levi's,1,70,31-12-2024,SM
182,10182,07-11-2024,22-05-2025,Standard,C1182,Oliver Taylor,Retail,Brazil,Rio de Janeiro,NULL,20000-000,Americas,P1182,Clothing,Jeans,Skinny,80,120,Discounted Sales,15%,102,3,22,66,Stretchy,Levi's,In-store,Levi's,1,17.5,31-12-2024,SM
183,10183,09-11-2024,26-05-2025,Standard,C1183,Liam Brown,Retail,Australia,Melbourne,VIC,3000,Pacific,P1183,Home,Decor,Table Lamp,60,100,Fresh Sales,5%,95,17.5,35,612.5,Minimalist,CB2,In-store,CB2,1,70,31-12-2024,SM
184,10184,09-11-2024,26-05-2025,Standard,C1184,Liam Brown,Retail,Australia,Melbourne,VIC,3000,Pacific,P1184,Home,Decor,Table Lamp,60,100,Discounted Sales,10%,90,35,30,1050,Minimalist,CB2,In-store,CB2,1,17.5,31-12-2024,SM
185,10185,10-11-2024,28-05-2025,Express,C1185,Isabella Taylor,Corporate,UK,London,NULL,SW1A 1AA,Europe,P1185,Clothing,Dress,Maxi,150,250,Fresh Sales,5%,237.5,20,87.5,1750,Elegant,Zara,In-store,Zara,1,80,31-12-2024,SM
186,10186,10-11-2024,28-05-2025,Express,C1186,Isabella Taylor,Corporate,UK,London,NULL,SW1A 1AA,Europe,P1186,Clothing,Dress,Maxi,150,250,Discounted Sales,10%,225,40,75,3000,Elegant,Zara,In-store,Zara,1,20,31-12-2024,SM
187,10187,13-11-2024,03-06-2025,Standard,C1187,Oliver Taylor,Retail,Brazil,São Paulo,NULL,01310-100,Americas,P1187,Clothing,Trousers,Joggers,60,100,Fresh Sales,5%,95,17.5,35,612.5,Sporty,Nike,In-store,Nike,1,70,31-12-2024,SM
188,10188,13-11-2024,03-06-2025,Standard,C1188,Oliver Taylor,Retail,Brazil,São Paulo,NULL,01310-100,Americas,P1188,Clothing,Trousers,Joggers,60,100,Discounted Sales,10%,90,35,30,1050,Sporty,Nike,In-store,Nike,1,17.5,31-12-2024,SM
189,10189,15-11-2024,07-06-2025,Standard,C1189,Liam Wilson,Retail,Australia,Sydney,NSW,2000,Pacific,P1189,Home,Decor,Wall Mirror,150,250,Fresh Sales,5%,237.5,17.5,87.5,1531.25,Contemporary,CB2,In-store,CB2,1,70,31-12-2024,SM
190,10190,15-11-2024,07-06-2025,Standard,C1190,Liam Wilson,Retail,Australia,Sydney,NSW,2000,Pacific,P1190,Home,Decor,Wall Mirror,150,250,Discounted Sales,10%,225,35,75,2625,Contemporary,CB2,In-store,CB2,1,17.5,31-12-2024,SM
191,10191,16-11-2024,09-06-2025,Express,C1191,Isabella Martinez,Corporate,UK,London,NULL,SW1A 1AA,Europe,P1191,Clothing,Shirt,Oxford,80,120,Fresh Sales,5%,114,20,34,680,Formal,Ralph Lauren,In-store,Ralph Lauren,1,80,31-12-2024,SM
192,10192,16-11-2024,09-06-2025,Express,C1192,Isabella Martinez,Corporate,UK,London,NULL,SW1A 1AA,Europe,P1192,Clothing,Shirt,Oxford,80,120,Discounted Sales,10%,108,40,28,1120,Formal,Ralph Lauren,In-store,Ralph Lauren,1,20,31-12-2024,SM
193,10193,18-11-2024,13-06-2025,Express,C1193,Mia Taylor,Corporate,Canada,Toronto,ON,M5H 1W7,North,P1193,Clothing,Dress,A-Line,70,120,Fresh Sales,5%,114,20,44,880,Feminine,Zara,In-store,Zara,1,80,31-12-2024,SM
194,10194,18-11-2024,13-06-2025,Express,C1194,Mia Taylor,Corporate,Canada,Toronto,ON,M5H 1W7,North,P1194,Clothing,Dress,A-Line,70,120,Discounted Sales,10%,108,40,38,1520,Feminine,Zara,In-store,Zara,1,20,31-12-2024,SM
195,10195,19-11-2024,15-06-2025,Standard,C1195,Noah Johnson,Retail,Australia,Melbourne,VIC,3000,Pacific,P1195,Home,Decor,Floor Lamp,120,200,Fresh Sales,5%,190,17.5,70,1225,Contemporary,West Elm,In-store,West Elm,1,70,31-12-2024,SM
196,10196,19-11-2024,15-06-2025,Standard,C1196,Noah Johnson,Retail,Australia,Melbourne,VIC,3000,Pacific,P1196,Home,Decor,Floor Lamp,120,200,Discounted Sales,10%,180,35,60,2100,Contemporary,West Elm,In-store,West Elm,1,17.5,31-12-2024,SM
197,10197,21-11-2024,19-06-2025,Standard,C1197,Isabella Wilson,Retail,Canada,Vancouver,BC,V6B 1A1,North,P1197,Clothing,T-Shirt,Graphic,40,80,Fresh Sales,10%,72,17.5,32,560,Casual,Nike,In-store,Nike,1,70,31-12-2024,SM
198,10198,21-11-2024,19-06-2025,Standard,C1198,Isabella Wilson,Retail,Canada,Vancouver,BC,V6B 1A1,North,P1198,Clothing,T-Shirt,Graphic,40,80,Discounted Sales,15%,68,35,28,980,Casual,Nike,In-store,Nike,1,17.5,31-12-2024,SM
199,10199,2024-04-15,2024-04-24,Standard,C1199,Benjamin Kim,Corporate,Japan,Tokyo,NULL,100-0001,Asia,P1199,Beauty,Skincare,Sunscreen,15,30,Fresh Sales,10%,27,10,12,120,SPF50,Biore,In-store,Biore,1,40,2024-10-31,Vj
200,10200,2024-04-15,2024-04-24,Standard,C1200,Benjamin Kim,Corporate,Japan,Tokyo,NULL,100-0002,Asia,P1200,Beauty,Skincare,Sunscreen,15,30,Discount Sales,15%,25.5,20,10.5,210,SPF51,Biore,In-store,Biore,1,10,2024-11-01,Vj
201,10201,24-07-2024,22-10-2024,Standard,C1201,Isabella Brown,Retail,Brazil,Brasília,NULL,70070-150,Americas,P1201,Clothing,T-Shirt,Graphic,30,50,Fresh Sales,10%,45,17.5,15,262.5,Printed,Threadless,In-store,Threadless,1,70,31-12-2024,Vj
202,10202,24-07-2024,22-10-2024,Standard,C1202,Isabella Brown,Retail,Brazil,Brasília,NULL,70070-151,Americas,P1202,Clothing,T-Shirt,Graphic,30,50,Discount Sales,15%,42.5,35,12.5,437.5,Printed,Threadless,In-store,Threadless,1,17.5,01-01-2025,Vj
203,10203,25-07-2024,24-10-2024,Express,C1203,Noah Johnson,Corporate,Spain,Madrid,NULL,28001,Europe,P1203,Electronics,Earphones,Beats,70,120,Fresh Sales,8%,110.4,20,40.4,808,Wireless,Beats,In-store,Beats,1,80,30-06-2025,Vj
204,10204,25-07-2024,24-10-2024,Express,C1204,Noah Johnson,Corporate,Spain,Madrid,NULL,28002,Europe,P1204,Electronics,Earphones,Beats,70,120,Discount Sales,13%,104.4,40,34.4,1376,Wireless,Beats,In-store,Beats,1,20,01-07-2025,Vj
205,10205,26-07-2024,26-10-2024,Standard,C1205,Emma Martinez,Retail,Italy,Rome,NULL,184,Europe,P1205,Home,Decor,Sculpture,100,200,Fresh Sales,10%,180,17.5,80,1400,Abstract,IKEA,In-store,IKEA,1,70,31-12-2024,Vj
206,10206,26-07-2024,26-10-2024,Standard,C1206,Emma Martinez,Retail,Italy,Rome,NULL,185,Europe,P1206,Home,Decor,Sculpture,100,200,Discount Sales,15%,170,35,70,2450,Abstract,IKEA,In-store,IKEA,1,17.5,01-01-2025,Vj
207,10207,27-07-2024,28-10-2024,Express,C1207,Oliver Taylor,Corporate,Germany,Berlin,NULL,10117,Europe,P1207,Clothing,Dress,Mini,70,120,Fresh Sales,5%,114,20,44,880,Floral,Zara,In-store,Zara,1,80,31-12-2024,Vj
208,10208,27-07-2024,28-10-2024,Express,C1208,Oliver Taylor,Corporate,Germany,Berlin,NULL,10118,Europe,P1208,Clothing,Dress,Mini,70,120,Discount Sales,10%,108,40,38,1520,Floral,Zara,In-store,Zara,1,20,01-01-2025,Vj
209,10209,30-07-2024,03-11-2024,Standard,C1209,Isabella Smith,Retail,Australia,Brisbane,QLD,4000,Pacific,P1209,Clothing,Jeans,Skinny,60,100,Fresh Sales,8%,92,17.5,32,560,Stretchy,Levi's,In-store,Levi's,1,70,31-12-2024,Vj
210,10210,30-07-2024,03-11-2024,Standard,C1210,Isabella Smith,Retail,Australia,Brisbane,QLD,4001,Pacific,P1210,Clothing,Jeans,Skinny,60,100,Discount Sales,13%,87,35,27,945,Stretchy,Levi's,In-store,Levi's,1,17.5,01-01-2025,Vj
211,10211,31-07-2024,05-11-2024,Express,C1211,Noah Wilson,Corporate,UK,Birmingham,NULL,B1 1BB,Europe,P1211,Beauty,Skincare,Serum,70,120,Fresh Sales,5%,114,20,44,880,Anti-aging,L'Oréal,In-store,L'Oréal,1,80,31-12-2024,Vj
212,10212,31-07-2024,05-11-2024,Express,C1212,Noah Wilson,Corporate,UK,Birmingham,NULL,B1 1BB,Europe,P1212,Beauty,Skincare,Serum,70,120,Discount Sales,10%,108,40,38,1520,Anti-aging,L'Oréal,In-store,L'Oréal,1,20,01-01-2025,Vj
213,10213,02-08-2024,09-11-2024,Express,C1213,Mia Johnson,Corporate,Spain,Barcelona,NULL,8003,Europe,P1213,Home,Decor,Wall Art,60,100,Fresh Sales,10%,90,20,30,600,Abstract,Crate & Barrel,In-store,Crate & Barrel,1,80,31-12-2024,Vj
214,10214,02-08-2024,09-11-2024,Express,C1214,Mia Johnson,Corporate,Spain,Barcelona,NULL,8004,Europe,P1214,Home,Decor,Wall Art,60,100,Discount Sales,15%,85,40,25,1000,Abstract,Crate & Barrel,In-store,Crate & Barrel,1,20,01-01-2025,Vj
215,10215,03-08-2024,11-11-2024,Standard,C1215,Liam Martinez,Retail,USA,Los Angeles,CA,90001,West,P1215,Clothing,T-Shirt,Graphic,30,50,Fresh Sales,7%,46.5,17.5,16.5,288.75,Printed,Threadless,In-store,Threadless,1,70,31-12-2024,Vj
216,10216,03-08-2024,11-11-2024,Standard,C1216,Liam Martinez,Retail,USA,Los Angeles,CA,90002,West,P1216,Clothing,T-Shirt,Graphic,30,50,Discount Sales,12%,44,35,14,490,Printed,Threadless,In-store,Threadless,1,17.5,01-01-2025,Vj
217,10217,04-08-2024,13-11-2024,Express,C1217,Isabella Garcia,Corporate,Canada,Vancouver,BC,V6B 1A1,North,P1217,Beauty,Makeup,Eyeliner,40,70,Fresh Sales,10%,63,20,23,460,Liquid,Maybelline,In-store,Maybelline,1,80,31-12-2024,Vj
218,10218,04-08-2024,13-11-2024,Express,C1218,Isabella Garcia,Corporate,Canada,Vancouver,BC,V6B 1A2,North,P1218,Beauty,Makeup,Eyeliner,40,70,Discount Sales,15%,59.5,40,19.5,780,Liquid,Maybelline,In-store,Maybelline,1,20,01-01-2025,Vj
219,10219,07-08-2024,19-11-2024,Standard,C1219,Mia Johnson,Retail,Brazil,São Paulo,NULL,01310-100,Americas,P1219,Clothing,Dress,Mini,70,120,Fresh Sales,8%,110.4,17.5,40.4,707,Casual,Zara,In-store,Zara,1,70,31-12-2024,Vj
220,10220,07-08-2024,19-11-2024,Standard,C1220,Mia Johnson,Retail,Brazil,São Paulo,NULL,01310-101,Americas,P1220,Clothing,Dress,Mini,70,120,Discount Sales,13%,104.4,35,34.4,1204,Casual,Zara,In-store,Zara,1,17.5,01-01-2025,Vj
221,10221,09-08-2024,23-11-2024,Standard,C1221,Oliver Brown,Retail,USA,Miami,FL,33101,South,P1221,Home,Decor,Vase,60,100,Fresh Sales,8%,92,17.5,32,560,Ceramic,CB2,In-store,CB2,1,70,31-12-2024,Vj
222,10222,09-08-2024,23-11-2024,Standard,C1222,Oliver Brown,Retail,USA,Miami,FL,33102,South,P1222,Home,Decor,Vase,60,100,Discount Sales,13%,87,35,27,945,Ceramic,CB3,In-store,CB3,1,17.5,01-01-2025,Vj
223,10223,10-08-2024,25-11-2024,Express,C1223,Mia Taylor,Corporate,Canada,Calgary,AB,T2P 2K9,North,P1223,Clothing,Jacket,Leather,300,500,Fresh Sales,5%,475,1,175,175,Biker,Harley-Davidson,In-store,Harley-Davidson,1,80,31-12-2024,Vj
224,10224,10-08-2024,25-11-2024,Express,C1224,Mia Taylor,Corporate,Canada,Calgary,AB,T2P 2K10,North,P1224,Clothing,Jacket,Leather,300,500,Discount Sales,10%,450,2,150,300,Biker,Harley-Davidson,In-store,Harley-Davidson,1,20,01-01-2025,Vj
225,10225,13-08-2024,01-12-2024,Standard,C1225,Noah Smith,Retail,Brazil,Rio de Janeiro,NULL,20000-000,Americas,P1225,Clothing,T-Shirt,Striped,30,50,Fresh Sales,10%,45,3,15,45,Casual,Uniqlo,In-store,Uniqlo,1,70,31-12-2024,Vj
226,10226,13-08-2024,01-12-2024,Standard,C1226,Noah Smith,Retail,Brazil,Rio de Janeiro,NULL,20000-001,Americas,P1226,Clothing,T-Shirt,Striped,30,50,Discount Sales,15%,42.5,4,12.5,50,Casual,Uniqlo,In-store,Uniqlo,1,70,01-01-2025,Vj
227,10227,14-08-2024,03-12-2024,Express,C1227,Emma Brown,Corporate,Spain,Barcelona,NULL,8003,Europe,P1227,Electronics,Wireless Earbuds,Sony,70,120,Fresh Sales,8%,110.4,5,40.4,202,Noise-cancelling,Sony,In-store,Sony,1,80,30-06-2025,Vj
228,10228,14-08-2024,03-12-2024,Express,C1228,Emma Brown,Corporate,Spain,Barcelona,NULL,8004,Europe,P1228,Electronics,Wireless Earbuds,Sony,70,120,Discount Sales,13%,104.4,6,34.4,206.4,Noise-cancelling,Sony,In-store,Sony,1,80,01-07-2025,Vj
229,10229,15-08-2024,05-12-2024,Standard,C1229,Oliver Garcia,Retail,Italy,Milan,NULL,20121,Europe,P1229,Home,Decor,Wall Mirror,100,200,Fresh Sales,10%,180,3,80,240,Contemporary,IKEA,In-store,IKEA,1,70,31-12-2024,Vj
230,10230,15-08-2024,05-12-2024,Standard,C1230,Oliver Garcia,Retail,Italy,Milan,NULL,20122,Europe,P1230,Home,Decor,Wall Mirror,100,200,Discount Sales,15%,170,4,70,280,Contemporary,IKEA,In-store,IKEA,1,70,01-01-2025,Vj
231,10231,16-08-2024,07-12-2024,Express,C1231,Mia Wilson,Corporate,Germany,Munich,NULL,80331,Europe,P1231,Clothing,Dress,Maxi,70,120,Fresh Sales,5%,114,2,44,88,Floral,H&M,In-store,H&M,1,80,31-12-2024,Vj
232,10232,16-08-2024,07-12-2024,Express,C1232,Mia Wilson,Corporate,Germany,Munich,NULL,80332,Europe,P1232,Clothing,Dress,Maxi,70,120,Discount Sales,10%,108,3,38,114,Floral,H&M,In-store,H&M,1,80,01-01-2025,Vj
233,10233,19-08-2024,13-12-2024,Standard,C1233,Noah Brown,Retail,Australia,Perth,WA,6000,Pacific,P1233,Clothing,Jeans,Skinny,60,100,Fresh Sales,8%,92,17.5,32,560,Stretchy,Levi's,In-store,Levi's,1,70,31-12-2024,Vj
234,10234,19-08-2024,13-12-2024,Standard,C1234,Noah Brown,Retail,Australia,Perth,WA,6001,Pacific,P1234,Clothing,Jeans,Skinny,60,100,Discount Sales,13%,87,35,27,945,Stretchy,Levi's,In-store,Levi's,1,70,01-01-2025,Vj
235,10235,20-08-2024,15-12-2024,Express,C1235,Emma Martinez,Corporate,UK,London,NULL,SW1A 1AA,Europe,P1235,Beauty,Skincare,Moisturizer,40,60,Fresh Sales,5%,57,20,17,340,Hydrating,Neutrogena,In-store,Neutrogena,1,80,31-12-2024,Vj
236,10236,20-08-2024,15-12-2024,Express,C1236,Emma Martinez,Corporate,UK,London,NULL,SW1A 1AA,Europe,P1236,Beauty,Skincare,Moisturizer,40,60,Discount Sales,10%,54,40,14,560,Hydrating,Neutrogena,In-store,Neutrogena,1,80,01-01-2025,Vj
237,10237,22-08-2024,19-12-2024,Express,C1237,Mia Johnson,Corporate,Spain,Madrid,NULL,28001,Europe,P1237,Home,Decor,Rug,60,100,Fresh Sales,10%,90,20,30,600,Modern,IKEA,In-store,IKEA,1,80,31-12-2024,Vj
238,10238,22-08-2024,19-12-2024,Express,C1238,Mia Johnson,Corporate,Spain,Madrid,NULL,28002,Europe,P1238,Home,Decor,Rug,60,100,Discount Sales,15%,85,40,25,1000,Modern,IKEA,In-store,IKEA,1,80,01-01-2025,Vj
239,10239,23-08-2024,21-12-2024,Standard,C1239,Liam Wilson,Retail,USA,New York City,NY,10001,East,P1239,Clothing,Shirt,Casual,30,50,Fresh Sales,7%,46.5,17.5,16.5,288.75,Linen,Uniqlo,In-store,Uniqlo,1,70,31-12-2024,Vj
240,10240,23-08-2024,21-12-2024,Standard,C1240,Liam Wilson,Retail,USA,New York City,NY,10002,East,P1240,Clothing,Shirt,Casual,30,50,Discount Sales,12%,44,35,14,490,Linen,Uniqlo,In-store,Uniqlo,1,70,01-01-2025,Vj
241,10241,24-08-2024,23-12-2024,Express,C1241,Isabella Brown,Corporate,Canada,Vancouver,BC,V6B 1A1,North,P1241,Beauty,Makeup,Lipstick,40,70,Fresh Sales,10%,63,20,23,460,Matte,MAC,In-store,MAC,1,80,31-12-2024,Vj
242,10242,24-08-2024,23-12-2024,Express,C1242,Isabella Brown,Corporate,Canada,Vancouver,BC,V6B 1A2,North,P1242,Beauty,Makeup,Lipstick,40,70,Discount Sales,15%,59.5,40,19.5,780,Matte,MAC,In-store,MAC,1,80,01-01-2025,Vj
243,10243,25-08-2024,25-12-2024,Standard,C1243,Noah Martinez,Retail,Australia,Sydney,NSW,2000,Pacific,P1243,Electronics,Speaker,Bose,300,500,Fresh Sales,5%,475,15,175,2625,Wireless,Bose,In-store,Bose,1,60,30-06-2025,Vj
244,10244,25-08-2024,25-12-2024,Standard,C1244,Noah Martinez,Retail,Australia,Sydney,NSW,2001,Pacific,P1244,Electronics,Speaker,Bose,300,500,Discount Sales,10%,450,30,150,4500,Wireless,Bose,In-store,Bose,1,15,01-07-2025,Vj
245,10245,27-08-2024,29-12-2024,Standard,C1245,Oliver Johnson,Retail,Brazil,Rio de Janeiro,NULL,20000-000,Americas,P1245,Clothing,Jeans,Bootcut,60,100,Fresh Sales,8%,92,17.5,32,560,Classic,Levi's,In-store,Levi's,1,70,31-12-2024,Vj
246,10246,27-08-2024,29-12-2024,Standard,C1246,Oliver Johnson,Retail,Brazil,Rio de Janeiro,NULL,20000-001,Americas,P1246,Clothing,Jeans,Bootcut,60,100,Discount Sales,13%,87,35,27,945,Classic,Levi's,In-store,Levi's,1,17.5,01-01-2025,Vj
247,10247,29-08-2024,02-01-2025,Standard,C1247,Oliver Taylor,Retail,USA,Seattle,WA,98101,West,P1247,Home,Decor,Throw Pillow,30,50,Fresh Sales,8%,46,17.5,16,280,Geometric,CB2,In-store,CB2,1,70,31-12-2024,Vj
248,10248,29-08-2024,02-01-2025,Standard,C1248,Oliver Taylor,Retail,USA,Seattle,WA,98102,West,P1248,Home,Decor,Throw Pillow,30,50,Discount Sales,13%,43.5,35,13.5,472.5,Geometric,CB3,In-store,CB3,1,17.5,01-01-2025,Vj
249,10249,30-08-2024,04-01-2025,Express,C1249,Mia Martinez,Corporate,Canada,Ottawa,ON,K1P 1J1,North,P1249,Clothing,Dress,Mini,70,120,Fresh Sales,10%,108,20,38,760,Floral,Zara,In-store,Zara,1,80,31-12-2024,Vj
250,10250,30-08-2024,04-01-2025,Express,C1250,Mia Martinez,Corporate,Canada,Ottawa,ON,K1P 1J2,North,P1250,Clothing,Dress,Mini,70,120,Discount Sales,15%,102,40,32,1280,Floral,Zara,In-store,Zara,1,20,01-01-2025,Vj
251,10251,31-08-2024,06-01-2025,Standard,C1251,Isabella Wilson,Retail,Australia,Canberra,ACT,2600,Pacific,P1251,Electronics,Headphones,Bose,150,250,Fresh Sales,5%,237.5,17.5,87.5,1531.25,Noise-cancelling,Bose,In-store,Bose,1,70,30-06-2025,Vj
252,10252,31-08-2024,06-01-2025,Standard,C1252,Isabella Wilson,Retail,Australia,Canberra,ACT,2601,Pacific,P1252,Electronics,Headphones,Bose,150,250,Discount Sales,10%,225,35,75,2625,Noise-cancelling,Bose,In-store,Bose,1,17.5,01-07-2025,Vj
253,10253,02-09-2024,10-01-2025,Standard,C1253,Noah Brown,Retail,Brazil,Brasília,NULL,70070-150,Americas,P1253,Clothing,T-Shirt,Plain,20,40,Fresh Sales,10%,36,17.5,16,280,Basic,H&M,In-store,H&M,1,70,31-12-2024,Vj
254,10254,02-09-2024,10-01-2025,Standard,C1254,Noah Brown,Retail,Brazil,Brasília,NULL,70070-151,Americas,P1254,Clothing,T-Shirt,Plain,20,40,Discount Sales,15%,34,35,14,490,Basic,H&M,In-store,H&M,1,17.5,01-01-2025,Vj
255,10255,04-09-2024,14-01-2025,Standard,C1255,Oliver Smith,Retail,Italy,Rome,NULL,184,Europe,P1255,Home,Decor,Wall Clock,60,100,Fresh Sales,10%,90,17.5,30,525,Modern,IKEA,In-store,IKEA,1,70,31-12-2024,Vj
256,10256,04-09-2024,14-01-2025,Standard,C1256,Oliver Smith,Retail,Italy,Rome,NULL,185,Europe,P1256,Home,Decor,Wall Clock,60,100,Discount Sales,15%,85,35,25,875,Modern,IKEA,In-store,IKEA,1,17.5,01-01-2025,Vj
257,10257,05-09-2024,16-01-2025,Express,C1257,Mia Wilson,Corporate,Germany,Berlin,NULL,10117,Europe,P1257,Clothing,Jacket,Bomber,150,250,Fresh Sales,5%,237.5,20,87.5,1750,Casual,The North Face,In-store,The North Face,1,80,31-12-2024,Vj
258,10258,05-09-2024,16-01-2025,Express,C1258,Mia Wilson,Corporate,Germany,Berlin,NULL,10118,Europe,P1258,Clothing,Jacket,Bomber,150,250,Discount Sales,10%,225,40,75,3000,Casual,The North Face,In-store,The North Face,1,20,01-01-2025,Vj
259,10259,08-09-2024,22-01-2025,Standard,C1259,Noah Garcia,Retail,Australia,Melbourne,VIC,3000,Pacific,P1259,Clothing,Jeans,Bootcut,60,100,Fresh Sales,8%,92,17.5,32,560,Classic,Levi's,In-store,Levi's,1,70,31-12-2024,Vj
260,10260,08-09-2024,22-01-2025,Standard,C1260,Noah Garcia,Retail,Australia,Melbourne,VIC,3001,Pacific,P1260,Clothing,Jeans,Bootcut,60,100,Discount Sales,13%,87,35,27,945,Classic,Levi's,In-store,Levi's,1,17.5,01-01-2025,Vj
261,10261,09-09-2024,24-01-2025,Express,C1261,Emma Brown,Corporate,UK,London,NULL,SW1A 1AA,Europe,P1261,Beauty,Skincare,Cleanser,30,50,Fresh Sales,10%,45,20,15,300,Gentle,Cetaphil,In-store,Cetaphil,1,80,31-12-2024,Vj
262,10262,09-09-2024,24-01-2025,Express,C1262,Emma Brown,Corporate,UK,London,NULL,SW1A 1AA,Europe,P1262,Beauty,Skincare,Cleanser,30,50,Discount Sales,15%,42.5,40,12.5,500,Gentle,Cetaphil,In-store,Cetaphil,1,20,01-01-2025,Vj
263,10263,11-09-2024,28-01-2025,Express,C1263,Mia Johnson,Corporate,Spain,Barcelona,NULL,8002,Europe,P1263,Home,Decor,Wall Art,60,100,Fresh Sales,5%,95,20,35,700,Abstract,Crate & Barrel,In-store,Crate & Barrel,1,80,31-12-2024,Vj
264,10264,11-09-2024,28-01-2025,Express,C1264,Mia Johnson,Corporate,Spain,Barcelona,NULL,8003,Europe,P1264,Home,Decor,Wall Art,60,100,Discount Sales,10%,90,40,30,1200,Abstract,Crate & Barrel,In-store,Crate & Barrel,1,20,01-01-2025,Vj
265,10265,12-09-2024,30-01-2025,Standard,C1265,Liam Smith,Retail,USA,Los Angeles,CA,90001,West,P1265,Clothing,T-Shirt,Graphic,30,50,Fresh Sales,10%,45,17.5,15,262.5,Printed,Threadless,In-store,Threadless,1,70,31-12-2024,Vj
266,10266,12-09-2024,30-01-2025,Standard,C1266,Liam Smith,Retail,USA,Los Angeles,CA,90002,West,P1266,Clothing,T-Shirt,Graphic,30,50,Discount Sales,15%,42.5,35,12.5,437.5,Printed,Threadless,In-store,Threadless,1,17.5,01-01-2025,Vj
267,10267,13-09-2024,01-02-2025,Express,C1267,Isabella Brown,Corporate,Canada,Toronto,ON,M5H 1W7,North,P1267,Beauty,Makeup,Mascara,40,70,Fresh Sales,5%,66.5,20,26.5,530,Volumizing,Maybelline,In-store,Maybelline,1,80,31-12-2024,Vj
268,10268,13-09-2024,01-02-2025,Express,C1268,Isabella Brown,Corporate,Canada,Toronto,ON,M5H 1W8,North,P1268,Beauty,Makeup,Mascara,40,70,Discount Sales,10%,63,40,23,920,Volumizing,Maybelline,In-store,Maybelline,1,20,01-01-2025,Vj
269,10269,16-09-2024,07-02-2025,Standard,C1269,Oliver Garcia,Retail,Brazil,São Paulo,NULL,01310-100,Americas,P1269,Clothing,Dress,Midi,150,250,Fresh Sales,8%,230,17.5,80,1400,Party,Zara,In-store,Zara,1,70,31-12-2024,Vj
270,10270,16-09-2024,07-02-2025,Standard,C1270,Oliver Garcia,Retail,Brazil,São Paulo,NULL,01310-101,Americas,P1270,Clothing,Dress,Midi,150,250,Discount Sales,13%,217.5,35,67.5,2362.5,Party,Zara,In-store,Zara,1,17.5,01-01-2025,Vj
271,10271,18-09-2024,11-02-2025,Standard,C1271,Oliver Wilson,Retail,USA,Chicago,IL,60601,Midwest,P1271,Home,Decor,Table Lamp,40,80,Fresh Sales,8%,73.6,17.5,33.6,588,Contemporary,West Elm,In-store,West Elm,1,70,31-12-2024,Vj
272,10272,18-09-2024,11-02-2025,Standard,C1272,Oliver Wilson,Retail,USA,Chicago,IL,60602,Midwest,P1272,Home,Decor,Table Lamp,40,80,Discount Sales,13%,69.6,35,29.6,1036,Contemporary,West Elm,In-store,West Elm,1,17.5,01-01-2025,Vj
273,10273,19-09-2024,13-02-2025,Express,C1273,Mia Garcia,Corporate,Canada,Montreal,QC,H3B 4J5,North,P1273,Clothing,Shirt,Formal,70,120,Fresh Sales,5%,114,20,44,880,Cotton,Brooks Brothers,In-store,Brooks Brothers,1,80,31-12-2024,Vj
274,10274,19-09-2024,13-02-2025,Express,C1274,Mia Garcia,Corporate,Canada,Montreal,QC,H3B 4J6,North,P1274,Clothing,Shirt,Formal,70,120,Discount Sales,10%,108,40,38,1520,Cotton,Brooks Brothers,In-store,Brooks Brothers,1,20,01-01-2025,Vj
275,10275,22-09-2024,19-02-2025,Standard,C1275,Noah Martinez,Retail,Brazil,Brasília,NULL,70070-150,Americas,P1275,Clothing,Dress,A-line,70,120,Fresh Sales,10%,108,17.5,38,665,Elegant,Zara,In-store,Zara,1,70,31-12-2024,Vj
276,10276,22-09-2024,19-02-2025,Standard,C1276,Noah Martinez,Retail,Brazil,Brasília,NULL,70070-151,Americas,P1276,Clothing,Dress,A-line,70,120,Discount Sales,15%,102,35,32,1120,Elegant,Zara,In-store,Zara,1,17.5,01-01-2025,Vj
277,10277,24-09-2024,23-02-2025,Standard,C1277,Oliver Brown,Retail,Italy,Milan,NULL,20121,Europe,P1277,Home,Decor,Floor Lamp,100,200,Fresh Sales,5%,190,17.5,90,1575,Minimalist,IKEA,In-store,IKEA,1,70,31-12-2024,Vj
278,10278,24-09-2024,23-02-2025,Standard,C1278,Oliver Brown,Retail,Italy,Milan,NULL,20122,Europe,P1278,Home,Decor,Floor Lamp,100,200,Discount Sales,10%,180,35,80,2800,Minimalist,IKEA,In-store,IKEA,1,17.5,01-01-2025,Vj
279,10279,25-09-2024,25-02-2025,Express,C1279,Mia Garcia,Corporate,Germany,Frankfurt,NULL,60306,Europe,P1279,Clothing,Jacket,Leather,300,500,Fresh Sales,5%,475,20,175,3500,Classic,The North Face,In-store,The North Face,1,80,31-12-2024,Vj
280,10280,25-09-2024,25-02-2025,Express,C1280,Mia Garcia,Corporate,Germany,Frankfurt,NULL,60307,Europe,P1280,Clothing,Jacket,Leather,300,500,Discount Sales,10%,450,40,150,6000,Classic,The North Face,In-store,The North Face,1,20,01-01-2025,Vj
281,10281,26-09-2024,27-02-2025,Standard,C1281,Isabella Smith,Retail,USA,Houston,TX,77001,South,P1281,Electronics,Headphones,Sony,300,500,Fresh Sales,10%,450,17.5,150,2625,Wireless,Sony,In-store,Sony,1,70,30-06-2025,Vj
282,10282,26-09-2024,27-02-2025,Standard,C1282,Isabella Smith,Retail,USA,Houston,TX,77002,South,P1282,Electronics,Headphones,Sony,300,500,Discount Sales,15%,425,35,125,4375,Wireless,Sony,In-store,Sony,1,17.5,01-07-2025,Vj
,,,,,,,,,,,,,,,,,,,,,,,,,,,,,,,,
